,colon1_T,colon2_T,colon3_T,intestine1_T,intestine2_T,intestine3_T,liver1_T,liver2_T,liver3_T
Signature_0,1.187800725316796,4.581744384580521,2.44952750441278,0.2522519345656436,3.764101785328615,2.2225898876016394,0.0,0.41612300798181245,0.17651308887292014
Signature_1,0.13598657675399198,0.0,1.9561149843576584,0.8736081714327446,3.212818392385683,3.2116524473350894,0.5837473646304123,0.5878883251994742,0.0
Signature_2,0.5097467792286611,1.117168084150106,0.23294145828209942,0.3613310277610387,0.9283562246055617,0.0,2.042346230268469,6.804526022086401,1.4093806980983206
