	nonsynonmous	TMB_All	TMB_nonsynonmous
mean	205.6875	9.786920656269153	3.4022135713300714
median	195.0	9.419924054074631	3.2254349263293296
max	407.0	16.242959475155907	6.732061615466857
min	69.0	4.896044811248624	1.141307743162686
Q1	109.0	6.016676689498942	1.8029354203584456
Q3	284.0	13.207742506020356	4.697556508089895
