,C120215D2C,C30913DClone10,CLONESTE0097,CLONESTE0098,PD21928b2,STE99CLONE
Signature_0,0.3729310193226263,0.24012248723265922,3.274551875304915,2.3986152588807466,5.828657723824567,0.46002299621836834
Signature_1,5.262127743254558,2.8291731909791507,1.0397975126190468,0.1992001319397765,0.7080462008484931,0.36341921021974305
