,colon1_T,colon2_T,colon3_T,intestine1_T,intestine2_T,intestine3_T,liver1_T,liver2_T,liver3_T
Signature_0,1.1890396580461193,4.023181691123622,2.955244694295015,0.6629932936180583,4.687889175144767,3.41468780057355,0.2701576993585492,0.5647416576970437,0.12189610603091924
Signature_1,0.12693961411070986,0.05719729611577112,0.15050900372856896,0.3132118800305788,0.7453089693197458,0.0,1.6159228654125661,5.226249136166706,1.0957518513730578
