,PD21928b3,colon2_T,colon3_T,intestine1_T,intestine2_T,intestine3_T,liver1_T,liver2_T,liver3_T
Signature 1,1.020511650583594,3.659396536919651,2.973421401917244,0.6572878401868707,4.679307575876598,3.4503092958326627,0.306770973314589,0.6653345209252917,0.14528336207336331
Signature 2,0.2858165547794655,0.4435676955633068,0.09695458060594375,0.3019608635530145,0.5818720336444525,0.0,1.5435525474201508,5.007028405913418,1.0224523377584551
