,PD21928b3,colon2_T,colon3_T,intestine1_T,intestine2_T,intestine3_T,liver1_T,liver2_T,liver3_T
Signature_0,1.0205116505835963,3.659396536919658,2.97342140191725,0.6572878401868718,4.6793075758766065,3.4503092958326684,0.3067709733145898,0.6653345209252938,0.14528336207336362
Signature_1,0.28581655477946355,0.44356769556330217,0.09695458060594278,0.301960863553013,0.5818720336444471,0.0,1.543552547420145,5.007028405913398,1.0224523377584513
